date,open,high,low,close,volume
2023-06-22,125.625,125.625,125.625,125.625,0.0
2023-06-23,126.5,126.5,126.5,126.5,0.0
2023-06-26,126.71875,126.71875,126.71875,126.71875,0.0
2023-06-27,126.25,126.25,126.25,126.25,0.0
2023-06-28,126.9375,126.9375,126.9375,126.9375,0.0
2023-06-29,124.90625,124.90625,124.90625,124.90625,0.0
2023-06-30,125.65625,125.65625,125.65625,125.65625,0.0
2023-07-05,124.0,124.0,124.0,124.0,0.0
2023-07-06,122.8125,122.8125,122.8125,122.8125,0.0
2023-07-07,122.53125,122.53125,122.53125,122.53125,0.0
2023-07-10,122.84375,122.84375,122.84375,122.84375,0.0
2023-07-11,123.15625,123.15625,123.15625,123.15625,0.0
2023-07-12,124.53125,124.53125,124.53125,124.53125,0.0
2023-07-13,125.75,125.75,125.75,125.75,0.0
2023-07-14,125.21875,125.21875,125.21875,125.21875,0.0
2023-07-17,125.34375,125.34375,125.34375,125.34375,0.0
2023-07-18,125.5625,125.5625,125.5625,125.5625,0.0
2023-07-19,126.4375,126.4375,126.4375,126.4375,0.0
2023-07-20,125.0,125.0,125.0,125.0,0.0
2023-07-21,125.1875,125.1875,125.1875,125.1875,0.0
2023-07-24,124.9375,124.9375,124.9375,124.9375,0.0
2023-07-25,124.3125,124.3125,124.3125,124.3125,0.0
2023-07-26,124.96875,124.96875,124.96875,124.96875,0.0
2023-07-27,123.96875,123.96875,122.6875,122.6875,1.0
2023-07-28,123.0625,123.0625,123.0625,123.0625,0.0
2023-07-31,123.25,123.25,123.25,123.25,0.0
2023-08-01,121.78125,121.78125,121.78125,121.78125,0.0
2023-08-02,121.09375,121.09375,121.09375,121.09375,0.0
2023-08-03,119.15625,119.15625,119.15625,119.15625,0.0
2023-08-04,120.8125,120.8125,120.8125,120.8125,0.0
2023-08-07,120.375,120.375,120.375,120.375,0.0
2023-08-08,121.21875,121.21875,121.21875,121.21875,0.0
2023-08-09,121.53125,121.53125,121.53125,121.53125,0.0
2023-08-10,120.5,120.5,120.5,120.5,0.0
2023-08-11,119.5625,119.5625,119.5625,119.5625,0.0
2023-08-14,119.5,119.5,119.5,119.5,0.0
2023-08-15,118.90625,118.90625,118.90625,118.90625,0.0
2023-08-16,118.1875,118.1875,118.1875,118.1875,0.0
2023-08-17,117.46875,117.46875,117.46875,117.46875,0.0
2023-08-18,118.03125,118.03125,118.03125,118.03125,0.0
2023-08-21,116.65625,116.65625,116.65625,116.65625,0.0
2023-08-22,117.65625,117.65625,117.65625,117.65625,0.0
2023-08-23,119.5,119.5,119.5,119.5,0.0
2023-08-24,119.15625,119.15625,119.15625,119.15625,0.0
2023-08-25,119.09375,119.09375,119.09375,119.09375,0.0
2023-08-28,119.25,119.25,119.25,119.25,0.0
2023-08-29,120.34375,120.34375,120.34375,120.34375,0.0
2023-08-30,120.71875,120.71875,120.28125,120.375,12.0
2023-08-31,121.0625,121.09375,120.8125,120.8125,15.0
2023-09-01,119.4375,119.78125,119.4375,119.46875,35.0
2023-09-05,118.84375,118.84375,118.3125,118.3125,4.0
2023-09-06,118.78125,118.78125,118.5625,118.5625,6.0
2023-09-07,118.59375,118.59375,118.59375,118.59375,1.0
2023-09-08,119.5625,119.5625,119.5625,119.5625,10.0
2023-09-11,118.21875,118.21875,118.21875,118.21875,0.0
2023-09-12,118.5625,118.5625,118.5625,118.5625,0.0
2023-09-13,118.78125,118.78125,118.78125,118.78125,0.0
2023-09-14,118.5,118.5,118.5,118.5,2.0
2023-09-15,117.53125,117.53125,117.53125,117.53125,1.0
2023-09-18,117.59375,117.84375,117.59375,117.6875,3.0
2023-09-19,117.625,117.78125,117.625,117.78125,2.0
2023-09-20,117.75,117.78125,116.90625,116.90625,5.0
2023-09-21,115.5,115.5,114.78125,114.78125,43.0
2023-09-22,114.96875,115.59375,114.96875,115.59375,24.0
2023-09-25,113.9375,114.21875,113.5,113.8125,146.0
2023-09-26,113.78125,113.90625,113.15625,113.3125,80.0
2023-09-27,113.15625,113.15625,112.15625,112.4375,20.0
2023-09-28,111.3125,112.34375,111.125,112.125,22.0
2023-09-29,113.21875,113.34375,112.28125,112.46875,45.0
2023-10-02,111.1875,111.3125,110.78125,111.0625,23.0
2023-10-03,110.46875,110.46875,109.28125,109.46875,29.0
2023-10-04,110.28125,110.28125,109.875,110.1875,6.0
2023-10-05,109.8125,110.28125,109.8125,110.0625,13.0
2023-10-06,108.3125,109.4375,108.25,108.90625,38.0
2023-10-09,110.0,110.71875,109.90625,110.6875,37.0
2023-10-10,109.96875,111.03125,109.71875,110.6875,131.0
2023-10-11,111.78125,112.5625,111.78125,112.5625,52.0
2023-10-12,111.4375,111.4375,110.125,110.34375,52.0
2023-10-13,111.71875,111.71875,111.25,111.6875,15.0
2023-10-16,110.21875,110.25,109.75,110.15625,179.0
2023-10-17,108.5,109.0625,108.21875,108.65625,17.0
2023-10-18,108.125,108.28125,107.46875,107.875,147.0
2023-10-19,107.4375,108.03125,106.3125,106.40625,77.0
2023-10-20,107.15625,107.40625,106.8125,106.8125,67.0
2023-10-23,107.1875,108.6875,107.1875,108.34375,129.0
2023-10-24,108.375,108.90625,108.0625,108.90625,9.0
2023-10-25,107.78125,107.8125,106.9375,106.9375,86.0
2023-10-26,107.5,108.53125,107.5,108.53125,94.0
2023-10-27,108.0625,108.28125,107.65625,108.25,65.0
2023-10-30,107.65625,108.125,107.1875,108.0,88.0
2023-10-31,108.0625,108.5,107.3125,107.3125,164.0
2023-11-01,108.375,109.6875,108.375,109.625,92.0
2023-11-02,110.96875,111.5625,110.6875,111.25,112.0
2023-11-03,113.03125,113.375,112.03125,112.0625,172.0
2023-11-06,111.59375,111.625,111.03125,111.34375,47.0
2023-11-07,112.03125,112.9375,112.03125,112.53125,44.0
2023-11-08,112.875,113.96875,112.71875,113.96875,129.0
2023-11-09,113.09375,113.09375,111.09375,111.59375,287.0
2023-11-10,112.3125,112.4375,111.6875,111.6875,86.0
2023-11-13,111.25,111.9375,111.0,111.75,201.0
2023-11-14,114.1875,114.28125,113.59375,113.90625,467.0
2023-11-15,113.34375,113.34375,112.5625,112.8125,814.0
2023-11-16,113.59375,114.15625,113.5,113.90625,1052.0
2023-11-17,114.125,114.375,113.6875,114.15625,1923.0
2023-11-20,113.65625,114.71875,113.65625,114.34375,11422.0
2023-11-21,114.5,114.78125,113.875,114.71875,18959.0
2023-11-22,114.90625,115.09375,114.15625,114.65625,28498.0
2023-11-24,113.71875,113.84375,113.46875,113.65625,14847.0
2023-11-27,114.0,114.8125,113.84375,114.65625,88667.0
2023-11-28,114.46875,115.25,114.375,115.25,179311.0
2023-11-29,115.65625,116.125,115.34375,116.09375,251858.0
2023-11-30,115.3125,115.5,114.75,115.3125,412592.0
2023-12-01,115.15625,117.09375,115.0,117.0625,382904.0
2023-12-04,116.21875,116.625,115.875,116.5,236164.0
2023-12-05,117.21875,118.09375,117.1875,118.03125,311976.0
2023-12-06,118.46875,119.28125,118.28125,119.25,285989.0
2023-12-07,118.4375,119.1875,118.28125,118.5625,235684.0
2023-12-08,117.71875,118.0,117.21875,117.78125,217590.0
2023-12-11,117.25,117.71875,116.84375,117.5625,177733.0
2023-12-12,117.5,118.125,117.34375,118.03125,240158.0
2023-12-13,118.53125,120.4375,118.4375,120.3125,347137.0
2023-12-14,121.25,122.4375,121.09375,122.125,366466.0
2023-12-15,122.1875,122.78125,122.0625,122.4375,245712.0
2023-12-18,121.84375,122.0625,121.5,122.03125,207344.0
2023-12-19,122.21875,122.625,121.96875,122.03125,170059.0
2023-12-20,122.40625,123.25,122.09375,123.1875,324340.0
2023-12-21,123.34375,123.4375,122.375,122.59375,218035.0
2023-12-22,123.03125,123.03125,122.125,122.46875,132878.0
2023-12-26,122.40625,122.78125,122.40625,122.5625,75376.0
2023-12-27,123.65625,124.40625,123.4375,124.21875,173984.0
2023-12-28,123.875,124.34375,123.4375,123.59375,209708.0
2023-12-29,123.03125,123.65625,122.8125,123.0,275208.0
2024-01-02,122.3125,122.75,122.1875,122.46875,291753.0
2024-01-03,121.5,122.8125,121.28125,122.46875,335146.0
2024-01-04,121.40625,121.625,121.09375,121.21875,242432.0
2024-01-05,120.5625,121.71875,120.375,120.5,304091.0
2024-01-08,120.40625,121.5,120.3125,120.6875,282492.0
2024-01-09,120.8125,121.25,120.75,120.96875,200004.0
2024-01-10,121.125,121.28125,120.46875,120.65625,222900.0
2024-01-11,120.5,121.40625,120.15625,121.375,309231.0
2024-01-12,121.40625,121.90625,121.0,121.625,258307.0
2024-01-16,120.53125,120.6875,119.375,119.6875,338654.0
2024-01-17,119.34375,119.625,118.90625,119.25,275452.0
2024-01-18,119.09375,119.21875,118.25,118.53125,246597.0
2024-01-19,118.34375,118.9375,117.875,118.84375,222227.0
2024-01-22,119.375,119.625,119.0,119.09375,147979.0
2024-01-23,118.59375,118.59375,118.1875,118.59375,220638.0
2024-01-24,119.15625,119.1875,117.6875,117.84375,310306.0
2024-01-25,118.5,118.65625,118.09375,118.5,219607.0
2024-01-26,118.34375,118.53125,117.9375,118.40625,179704.0
2024-01-29,118.78125,119.5625,118.59375,119.3125,236926.0
2024-01-30,119.84375,120.125,119.125,120.0625,253346.0
2024-01-31,120.53125,121.625,120.375,121.5625,585966.0
2024-02-01,122.0,123.25,121.78125,122.25,490339.0
2024-02-02,120.625,120.96875,120.125,120.53125,311729.0
2024-02-05,119.125,119.34375,118.5,118.71875,265634.0
2024-02-06,118.75,119.71875,118.71875,119.40625,239404.0
2024-02-07,119.125,119.84375,119.09375,119.15625,265150.0
2024-02-08,118.5625,118.84375,118.1875,118.53125,235744.0
2024-02-09,118.15625,118.40625,118.03125,118.3125,133876.0
2024-02-12,118.375,118.5625,117.96875,118.25,143657.0
2024-02-13,117.15625,117.3125,116.5,116.65625,230375.0
2024-02-14,116.625,117.375,116.53125,117.1875,247639.0
2024-02-15,117.75,117.9375,117.21875,117.59375,203065.0
2024-02-16,116.5,117.0,116.4375,116.96875,175001.0
2024-02-20,116.84375,117.3125,116.8125,116.875,173580.0
2024-02-21,117.0,117.125,116.1875,116.40625,286136.0
2024-02-22,116.375,116.84375,116.3125,116.65625,306884.0
2024-02-23,116.71875,117.8125,116.71875,117.71875,285402.0
2024-02-26,117.75,117.8125,116.90625,117.5,224299.0
2024-02-27,117.21875,117.40625,116.75,117.03125,169735.0
2024-02-28,117.0,117.46875,116.84375,117.34375,27899.0
2024-02-29,117.625,118.0625,117.53125,117.6875,5385.0
2024-03-01,117.375,118.46875,116.90625,118.46875,312406.0
2024-03-04,117.65625,118.125,117.625,118.03125,140340.0
2024-03-05,119.1875,119.6875,118.90625,119.25,261144.0
2024-03-06,119.53125,120.125,119.4375,120.0,311963.0
2024-03-07,120.4375,120.46875,119.6875,120.125,249966.0
2024-03-08,120.125,120.25,119.8125,119.90625,181372.0
2024-03-11,120.21875,120.25,119.65625,119.8125,210596.0
2024-03-12,119.3125,119.46875,118.90625,119.15625,207031.0
2024-03-13,118.84375,119.03125,118.53125,118.65625,229170.0
2024-03-14,117.9375,117.9375,117.125,117.15625,265325.0
2024-03-15,117.15625,117.28125,116.90625,117.15625,201342.0
2024-03-18,116.8125,117.0625,116.53125,116.625,164778.0
2024-03-19,117.0,117.4375,116.8125,117.15625,242125.0
2024-03-20,117.25,118.09375,116.5625,117.25,310884.0
2024-03-21,117.5625,117.75,117.03125,117.4375,186066.0
2024-03-22,118.5,118.5,118.125,118.21875,163871.0
2024-03-25,118.03125,118.03125,117.625,117.75,146182.0
2024-03-26,117.75,118.09375,117.5,118.0625,172311.0
2024-03-27,118.1875,118.78125,118.125,118.59375,224578.0
2024-03-28,118.46875,119.03125,118.34375,118.84375,294040.0
2024-04-01,117.71875,117.71875,116.875,116.9375,236747.0
2024-04-02,115.875,116.375,115.625,116.15625,291423.0
2024-04-03,115.4375,116.3125,115.21875,116.21875,318410.0
2024-04-04,116.875,116.96875,116.21875,116.84375,292369.0
2024-04-05,115.90625,116.5,115.65625,116.0,258792.0
2024-04-08,115.4375,115.78125,115.34375,115.59375,242681.0
2024-04-09,116.125,116.59375,116.125,116.40625,214753.0
2024-04-10,115.125,115.25,113.875,114.03125,403115.0
2024-04-11,114.375,114.4375,113.46875,113.75,331338.0
2024-04-12,114.625,114.90625,114.21875,114.6875,233512.0
2024-04-15,113.125,113.1875,112.40625,112.78125,368946.0
2024-04-16,112.09375,112.65625,111.8125,112.46875,388620.0
2024-04-17,112.90625,113.46875,112.5,113.34375,299816.0
2024-04-18,113.1875,113.21875,112.5625,112.625,217338.0
2024-04-19,113.40625,113.40625,112.90625,113.125,175997.0
2024-04-22,112.6875,113.1875,112.65625,113.03125,168943.0
2024-04-23,112.75,113.65625,112.5625,113.21875,254479.0
2024-04-24,112.75,112.78125,112.125,112.40625,241850.0
2024-04-25,111.46875,112.03125,111.375,111.8125,225613.0
2024-04-26,112.34375,112.71875,112.21875,112.34375,159422.0
2024-04-29,112.8125,113.25,112.5625,113.09375,248587.0
2024-04-30,112.53125,112.84375,112.25,112.3125,346052.0
2024-05-01,113.0,113.6875,112.5,113.53125,277835.0
2024-05-02,112.75,113.65625,112.5625,113.625,246525.0
2024-05-03,114.5625,114.75,113.875,114.40625,283611.0
2024-05-06,114.4375,114.78125,114.21875,114.6875,151372.0
2024-05-07,115.34375,115.6875,115.125,115.15625,274714.0
2024-05-08,114.8125,114.96875,114.65625,114.8125,266834.0
2024-05-09,114.40625,115.28125,114.375,115.21875,261416.0
2024-05-10,114.71875,114.8125,114.40625,114.53125,156495.0
2024-05-13,115.03125,115.0625,114.6875,114.84375,146475.0
2024-05-14,115.0625,115.34375,114.84375,115.25,182766.0
2024-05-15,116.25,116.6875,116.0,116.5,255598.0
2024-05-16,116.71875,116.71875,116.21875,116.34375,197755.0
2024-05-17,115.96875,116.125,115.6875,115.78125,153962.0
2024-05-20,115.4375,115.625,115.34375,115.53125,139893.0
2024-05-21,116.03125,116.0625,115.71875,115.8125,111045.0
2024-05-22,115.46875,116.0,115.46875,115.75,248240.0
2024-05-23,115.90625,115.90625,114.9375,115.28125,280033.0
2024-05-24,115.03125,115.5,114.9375,115.28125,149344.0
2024-05-28,115.46875,115.5,114.09375,114.125,206656.0
2024-05-29,113.59375,113.65625,112.84375,113.21875,162480.0
2024-05-30,113.78125,114.0625,113.65625,113.96875,23645.0
2024-05-31,114.625,114.8125,114.4375,114.5,5623.0
2024-06-03,115.0,115.96875,114.96875,115.90625,293646.0
2024-06-04,116.46875,117.0625,116.28125,116.875,262704.0
2024-06-05,117.1875,117.625,116.59375,117.5625,293058.0
2024-06-06,117.21875,117.71875,117.1875,117.53125,201006.0
2024-06-07,115.96875,115.96875,115.5625,115.6875,222413.0
2024-06-10,115.21875,115.3125,114.9375,115.0625,173240.0
2024-06-11,115.25,116.0,115.125,115.875,234680.0
2024-06-12,117.34375,117.84375,116.78125,117.0,358859.0
2024-06-13,117.59375,118.28125,117.3125,118.0,311881.0
2024-06-14,118.46875,118.875,118.3125,118.53125,291526.0
2024-06-17,117.65625,117.90625,117.40625,117.6875,256938.0
2024-06-18,118.0,118.6875,117.875,118.5,323969.0
2024-06-20,117.53125,118.03125,117.4375,117.90625,211951.0
2024-06-21,118.3125,118.5,117.65625,117.9375,196014.0
2024-06-24,118.09375,118.46875,117.8125,118.34375,201877.0
2024-06-25,118.0625,118.46875,118.0,118.125,194826.0
2024-06-26,117.25,117.4375,116.875,116.90625,242821.0
2024-06-27,117.46875,117.65625,117.40625,117.5,220004.0
2024-06-28,117.71875,117.78125,115.65625,115.6875,579129.0
2024-07-01,114.8125,115.40625,114.15625,114.65625,363280.0
2024-07-02,115.125,115.25,114.5,114.96875,300129.0
2024-07-03,115.5,116.3125,115.4375,116.15625,215151.0
2024-07-05,116.65625,117.125,116.28125,116.84375,178416.0
2024-07-08,116.9375,117.21875,116.59375,117.0,162611.0
2024-07-09,116.78125,117.03125,116.21875,116.6875,229650.0
2024-07-10,116.8125,117.0,116.59375,116.8125,239983.0
2024-07-11,118.0625,118.5,117.75,117.8125,307379.0
2024-07-12,117.90625,118.1875,117.75,118.0625,173406.0
2024-07-15,117.40625,117.75,117.21875,117.34375,249086.0
2024-07-16,117.9375,118.53125,117.8125,118.4375,222002.0
2024-07-17,118.21875,118.6875,118.0,118.4375,282737.0
2024-07-18,118.0625,118.5,117.78125,117.8125,234995.0
2024-07-19,117.40625,117.53125,117.15625,117.34375,148029.0
2024-07-22,117.65625,117.78125,116.65625,117.03125,242766.0
2024-07-23,117.21875,117.53125,116.96875,117.0,196052.0
2024-07-24,117.21875,117.4375,116.09375,116.25,371355.0
2024-07-25,116.6875,117.5,116.59375,117.0,239066.0
2024-07-26,117.5,117.75,117.28125,117.5625,173130.0
2024-07-29,118.15625,118.15625,117.71875,117.90625,165377.0
2024-07-30,118.21875,118.53125,117.78125,118.375,236078.0
2024-07-31,119.03125,119.9375,118.6875,119.9375,414575.0
2024-08-01,120.125,120.9375,120.09375,120.59375,424247.0
2024-08-02,122.03125,123.34375,121.9375,123.15625,431642.0
2024-08-05,124.5625,124.90625,122.78125,123.4375,457816.0
2024-08-06,123.0625,123.21875,121.53125,121.75,335100.0
2024-08-07,120.90625,121.28125,120.40625,120.84375,372377.0
2024-08-08,120.0,120.34375,119.6875,120.21875,283586.0
2024-08-09,121.28125,121.3125,120.90625,121.0625,149248.0
2024-08-12,120.78125,121.59375,120.65625,121.40625,213911.0
2024-08-13,122.125,122.21875,121.8125,122.1875,204638.0
2024-08-14,122.3125,122.875,122.21875,122.5,220810.0
2024-08-15,120.96875,121.5625,120.78125,121.5625,235229.0
2024-08-16,121.84375,121.96875,121.40625,121.90625,179989.0
2024-08-19,121.84375,122.5,121.8125,122.15625,162040.0
2024-08-20,122.71875,123.125,122.5,123.0625,186442.0
2024-08-21,123.125,123.65625,122.625,123.03125,352069.0
2024-08-22,122.65625,122.71875,121.875,122.21875,265180.0
2024-08-23,122.5,123.03125,122.28125,122.75,266362.0
2024-08-26,123.03125,123.03125,122.40625,122.625,187905.0
2024-08-27,121.90625,122.4375,121.78125,122.375,163136.0
2024-08-28,122.3125,122.4375,122.0,122.21875,96440.0
2024-08-29,121.5625,121.84375,121.34375,121.8125,15127.0
2024-08-30,121.84375,122.125,120.6875,121.15625,462916.0
2024-09-03,122.125,122.65625,121.9375,122.21875,327466.0
2024-09-04,122.28125,123.34375,122.21875,123.25,309718.0
2024-09-05,123.65625,123.8125,123.03125,123.6875,262005.0
2024-09-06,123.625,124.78125,123.21875,123.84375,444760.0
2024-09-09,123.5625,124.25,123.34375,124.0625,198555.0
2024-09-10,123.96875,124.96875,123.9375,124.78125,269695.0
2024-09-11,124.53125,125.3125,124.40625,124.75,291749.0
2024-09-12,124.53125,124.71875,123.90625,124.375,287158.0
2024-09-13,124.65625,124.78125,124.25,124.5625,204737.0
2024-09-16,124.71875,125.28125,124.46875,125.28125,224881.0
2024-09-17,125.21875,125.375,124.65625,124.75,284521.0
2024-09-18,124.21875,124.71875,123.53125,123.8125,386332.0
2024-09-19,122.9375,123.5,122.84375,123.46875,320166.0
2024-09-20,123.0625,123.40625,122.8125,123.0625,248407.0
2024-09-23,122.71875,123.3125,122.25,122.90625,264795.0
2024-09-24,122.28125,123.1875,122.125,123.03125,274500.0
2024-09-25,122.53125,122.59375,122.09375,122.1875,213257.0
2024-09-26,122.34375,122.5,121.75,122.21875,250983.0
2024-09-27,122.6875,123.0,122.4375,122.78125,223886.0
2024-09-30,122.84375,122.875,122.125,122.40625,435858.0
2024-10-01,123.25,123.78125,122.875,123.15625,366933.0
2024-10-02,121.90625,122.375,121.65625,122.28125,280787.0
2024-10-03,121.9375,122.09375,121.34375,121.5625,261584.0
2024-10-04,119.96875,120.375,119.96875,120.1875,310344.0
2024-10-07,119.46875,119.75,119.28125,119.375,228542.0
2024-10-08,118.90625,119.53125,118.8125,119.5,203825.0
2024-10-09,119.0625,119.28125,118.59375,118.78125,261362.0
2024-10-10,118.3125,118.71875,117.96875,118.65625,318444.0
2024-10-11,118.0625,118.5625,118.0,118.09375,177968.0
2024-10-14,117.5625,118.15625,117.53125,118.09375,71445.0
2024-10-15,118.84375,119.28125,118.75,119.125,232859.0
2024-10-16,119.5625,119.78125,119.28125,119.4375,208567.0
2024-10-17,118.5,118.625,118.03125,118.125,237907.0
2024-10-18,118.4375,118.5625,118.125,118.125,184501.0
2024-10-21,117.40625,117.5,116.5625,116.5625,255127.0
2024-10-22,116.9375,117.0625,116.375,116.53125,243362.0
2024-10-23,116.0625,116.53125,115.90625,116.15625,316039.0
2024-10-24,116.40625,117.125,116.03125,116.6875,267584.0
2024-10-25,117.09375,117.125,116.15625,116.25,237526.0
2024-10-28,116.3125,116.34375,115.5,115.75,274668.0
2024-10-29,115.125,116.125,114.875,116.0625,333860.0
2024-10-30,116.5,116.96875,115.625,115.71875,350551.0
2024-10-31,115.65625,116.3125,115.3125,116.125,577652.0
2024-11-01,116.15625,116.375,114.625,114.6875,406110.0
2024-11-04,116.1875,116.40625,115.5,116.125,242839.0
2024-11-05,115.78125,116.46875,115.28125,116.40625,259034.0
2024-11-06,113.5625,114.6875,113.53125,114.25,399782.0
2024-11-07,114.65625,115.625,114.53125,115.34375,335650.0
2024-11-08,115.84375,116.4375,115.71875,116.03125,291064.0
2024-11-11,115.90625,116.03125,115.5,115.96875,75872.0
2024-11-12,115.15625,115.59375,114.25,114.59375,328647.0
2024-11-13,115.34375,115.34375,113.84375,114.0625,363623.0
2024-11-14,114.65625,115.09375,114.25,114.5,303146.0
2024-11-15,113.9375,114.78125,113.5,114.25,316575.0
2024-11-18,113.9375,114.75,113.6875,114.40625,231683.0
2024-11-19,115.0,115.21875,114.78125,114.78125,200252.0
2024-11-20,114.34375,115.03125,114.34375,114.5625,303227.0
2024-11-21,114.6875,115.03125,114.15625,114.375,286354.0
2024-11-22,114.59375,114.6875,114.21875,114.5,251243.0
2024-11-25,115.96875,116.4375,115.78125,116.1875,266284.0
2024-11-26,115.96875,116.1875,115.625,116.03125,141609.0
2024-11-27,116.71875,117.0,116.34375,116.4375,43942.0
2024-11-29,117.28125,117.4375,117.09375,117.34375,3676.0
2024-12-02,116.9375,117.8125,116.8125,117.46875,865.0
2024-12-03,117.6875,117.6875,116.8125,116.90625,596.0
2024-12-04,116.3125,117.71875,116.25,117.59375,297350.0
2024-12-05,117.15625,117.84375,117.125,117.75,177665.0
2024-12-06,118.28125,118.375,117.625,117.90625,181375.0
2024-12-09,117.59375,117.625,117.15625,117.15625,190574.0
2024-12-10,116.6875,116.9375,116.53125,116.75,169998.0
2024-12-11,116.84375,117.03125,115.90625,116.0,269515.0
2024-12-12,115.625,115.71875,114.9375,115.125,240487.0
2024-12-13,114.75,114.8125,114.03125,114.1875,216593.0
2024-12-16,114.34375,114.40625,113.8125,114.15625,226398.0
2024-12-17,114.1875,114.5625,114.0625,114.15625,262795.0
2024-12-18,113.90625,114.3125,112.625,112.75,361468.0
2024-12-19,111.96875,112.3125,111.46875,112.0,389104.0
2024-12-20,112.625,112.9375,112.375,112.4375,214825.0
2024-12-23,112.28125,112.375,111.5,111.6875,156866.0
2024-12-24,111.1875,111.875,111.15625,111.6875,89459.0
2024-12-26,111.1875,112.0,111.1875,111.75,132039.0
2024-12-27,111.5,111.75,111.03125,111.125,135835.0
2024-12-30,111.90625,112.21875,111.75,112.1875,150691.0
2024-12-31,112.28125,112.4375,111.53125,111.6875,228296.0
2025-01-02,112.03125,112.34375,111.40625,111.875,182897.0
2025-01-03,111.875,112.0625,111.375,111.4375,158815.0
2025-01-06,111.1875,111.3125,110.78125,110.90625,242043.0
2025-01-07,110.78125,110.9375,109.9375,110.125,326457.0
2025-01-08,109.65625,110.375,109.53125,109.9375,320711.0
2025-01-10,109.28125,109.75,109.125,109.375,304298.0
2025-01-13,109.25,109.34375,108.78125,109.15625,215636.0
2025-01-14,108.9375,109.0625,108.59375,108.96875,175779.0
2025-01-15,110.59375,110.90625,110.25,110.375,296058.0
2025-01-16,110.4375,111.21875,110.125,110.84375,290492.0
2025-01-17,111.21875,111.28125,110.84375,110.84375,169792.0
2025-01-21,111.6875,111.96875,111.40625,111.46875,183072.0
2025-01-22,111.65625,111.75,111.15625,111.21875,246172.0
2025-01-23,110.53125,110.9375,110.5,110.8125,219917.0
2025-01-24,110.6875,111.21875,110.5,111.125,200421.0
2025-01-27,112.21875,112.4375,111.84375,112.28125,249107.0
2025-01-28,111.8125,112.21875,111.65625,112.1875,199061.0
2025-01-29,112.46875,112.625,111.5625,112.28125,267350.0
2025-01-30,112.46875,112.75,112.25,112.59375,222780.0
2025-01-31,112.5,112.78125,111.59375,112.15625,440908.0
2025-02-03,112.84375,113.375,111.9375,112.03125,409110.0
2025-02-04,111.875,112.75,111.84375,112.65625,276948.0
2025-02-05,113.625,114.3125,113.53125,114.09375,321402.0
2025-02-06,113.96875,114.28125,113.65625,114.125,314097.0
2025-02-07,113.40625,113.59375,113.125,113.375,281212.0
2025-02-10,113.53125,113.8125,113.125,113.28125,199584.0
2025-02-11,112.8125,112.90625,112.625,112.75,193179.0
2025-02-12,111.46875,111.65625,111.09375,111.4375,309391.0
2025-02-13,112.28125,113.0,112.28125,112.8125,345767.0
2025-02-14,113.5,113.84375,113.3125,113.375,205414.0
2025-02-18,112.78125,113.0625,112.34375,112.4375,242872.0
2025-02-19,112.28125,112.71875,112.15625,112.5625,298041.0
2025-02-20,112.8125,113.0625,112.78125,112.84375,219763.0
2025-02-21,113.09375,114.21875,113.03125,113.875,360095.0
2025-02-24,113.6875,114.40625,113.625,114.125,268270.0
2025-02-25,115.34375,115.71875,115.15625,115.5,275980.0
2025-02-26,115.59375,116.1875,115.34375,116.09375,141405.0
2025-02-27,115.4375,115.9375,115.34375,115.9375,38758.0
2025-02-28,116.46875,117.03125,116.09375,116.5,476310.0
2025-03-03,116.3125,117.59375,116.28125,117.21875,427884.0
2025-03-04,117.53125,117.9375,116.1875,116.625,454932.0
2025-03-05,116.625,116.84375,115.65625,115.96875,416872.0
2025-03-06,115.5625,115.875,114.8125,115.5625,410958.0
2025-03-07,116.15625,116.15625,114.9375,115.09375,358243.0
2025-03-10,116.125,116.625,115.96875,116.34375,308889.0
2025-03-11,116.125,116.625,115.21875,115.375,395138.0
2025-03-12,115.0,115.40625,114.8125,114.96875,295878.0
2025-03-13,114.65625,115.8125,114.4375,115.59375,332709.0
2025-03-14,115.09375,115.40625,114.90625,115.1875,207963.0
2025-03-17,115.6875,116.0625,115.21875,115.40625,255431.0
2025-03-18,114.96875,115.875,114.9375,115.6875,250721.0
2025-03-19,115.46875,116.15625,115.125,115.9375,251648.0
2025-03-20,117.0625,117.09375,116.03125,116.15625,246190.0
2025-03-21,116.34375,116.4375,115.78125,115.8125,246220.0
2025-03-24,115.28125,115.3125,114.71875,114.84375,203309.0
2025-03-25,114.6875,115.21875,114.65625,115.03125,201148.0
2025-03-26,114.53125,114.75,114.25,114.59375,259559.0
2025-03-27,114.09375,114.25,113.90625,114.09375,212146.0
2025-03-28,115.09375,115.625,115.0,115.53125,263738.0
2025-03-31,116.375,116.46875,115.53125,115.71875,451360.0
2025-04-01,116.65625,117.3125,116.59375,117.0,353615.0
2025-04-02,117.65625,117.65625,116.03125,116.40625,408590.0
2025-04-03,118.21875,118.5625,117.71875,117.8125,451828.0
2025-04-04,119.4375,119.90625,118.46875,118.96875,680708.0
2025-04-07,117.71875,118.0,115.1875,116.0625,840148.0
2025-04-08,114.6875,115.8125,113.4375,114.1875,668527.0
2025-04-09,112.4375,114.15625,111.40625,113.0,768757.0
2025-04-10,113.34375,113.8125,111.96875,112.34375,502002.0
2025-04-11,111.28125,112.28125,110.15625,111.6875,491096.0
2025-04-14,112.59375,113.03125,112.0625,112.96875,265530.0
2025-04-15,112.46875,113.5,112.40625,113.3125,224084.0
2025-04-16,113.15625,113.9375,112.84375,113.75,274331.0
2025-04-17,113.4375,113.625,112.71875,113.03125,179075.0
2025-04-21,112.0625,112.59375,111.34375,111.53125,240677.0
2025-04-22,112.09375,112.375,111.78125,112.0625,209648.0
2025-04-23,114.09375,114.40625,112.46875,112.625,367240.0
2025-04-24,113.375,113.71875,113.15625,113.65625,177591.0
2025-04-25,114.25,114.71875,113.96875,114.25,200736.0
2025-04-28,114.125,114.96875,114.09375,114.8125,209166.0
2025-04-29,114.75,115.625,114.71875,115.5,188021.0
2025-04-30,115.3125,115.59375,114.875,115.0625,405834.0
2025-05-01,115.28125,115.3125,114.1875,114.3125,236784.0
2025-05-02,113.5625,113.90625,113.21875,113.375,217598.0
2025-05-05,113.21875,113.25,112.59375,112.96875,178265.0
2025-05-06,112.65625,113.4375,112.46875,113.21875,229026.0
2025-05-07,113.625,114.0625,113.625,113.84375,196555.0
2025-05-08,113.84375,113.875,112.53125,112.875,255860.0
2025-05-09,112.75,113.0625,112.65625,112.8125,145169.0
2025-05-12,111.84375,112.3125,111.71875,111.96875,218911.0
2025-05-13,111.78125,111.875,111.09375,111.1875,237831.0
2025-05-14,111.3125,111.40625,110.6875,110.875,228477.0
2025-05-15,111.15625,112.0,111.0,111.5625,231099.0
2025-05-16,112.40625,112.4375,111.03125,111.84375,197279.0
2025-05-19,110.375,111.78125,110.3125,111.28125,271985.0
2025-05-20,110.9375,111.15625,110.53125,111.0625,220031.0
2025-05-21,110.21875,110.59375,109.28125,109.3125,431327.0
2025-05-22,109.03125,110.0,108.78125,109.6875,318549.0
2025-05-23,110.375,110.40625,109.90625,110.15625,182771.0
2025-05-27,110.8125,111.5,110.59375,111.40625,172745.0
2025-05-28,110.90625,111.0625,110.46875,110.84375,84645.0
2025-05-29,111.21875,111.78125,111.125,111.6875,14974.0
2025-05-30,111.625,112.03125,111.46875,111.65625,395482.0
2025-06-02,111.28125,111.5,110.71875,110.8125,234912.0
2025-06-03,111.375,111.65625,110.75,110.96875,206382.0
2025-06-04,111.71875,112.625,111.5625,112.375,309788.0
2025-06-05,112.59375,112.84375,112.09375,112.28125,204499.0
2025-06-06,111.4375,111.59375,110.875,111.0,176398.0
2025-06-09,110.75,111.40625,110.71875,111.21875,134802.0
2025-06-10,111.84375,111.90625,111.25,111.4375,134592.0
2025-06-11,111.625,112.25,111.53125,112.125,186008.0
2025-06-12,112.90625,113.25,112.59375,113.15625,224457.0
2025-06-13,112.625,112.78125,111.75,112.09375,212224.0
2025-06-16,112.03125,112.4375,111.4375,111.53125,240412.0
2025-06-17,111.96875,112.65625,111.71875,112.5,199391.0
2025-06-18,112.875,113.125,112.34375,112.46875,204425.0
2025-06-20,112.09375,112.8125,111.875,112.625,165548.0
2025-06-23,113.03125,113.5625,112.84375,113.1875,240342.0
2025-06-24,112.65625,113.65625,112.625,113.5625,235490.0
2025-06-25,113.1875,113.5625,112.875,113.40625,188446.0
2025-06-26,113.71875,114.03125,113.28125,113.78125,219447.0
2025-06-27,113.5,114.125,113.1875,113.3125,254851.0
2025-06-30,113.78125,114.375,113.46875,114.3125,407940.0
2025-07-01,114.34375,114.5,113.78125,114.21875,244407.0
2025-07-02,113.3125,113.78125,113.25,113.53125,182451.0
2025-07-03,113.25,113.40625,112.9375,113.125,113046.0
2025-07-07,112.625,112.6875,111.96875,112.3125,220172.0
2025-07-08,111.625,112.1875,111.53125,112.09375,170623.0
2025-07-09,112.25,113.03125,112.25,113.03125,217438.0
2025-07-10,112.90625,113.125,112.5625,112.9375,170411.0
2025-07-11,112.21875,112.3125,111.6875,111.84375,193017.0
2025-07-14,111.65625,111.9375,111.34375,111.53125,183362.0
2025-07-15,111.90625,111.90625,110.8125,110.875,272864.0
2025-07-16,111.1875,111.59375,110.21875,111.0,462686.0
2025-07-17,111.21875,111.46875,110.90625,111.125,161038.0
2025-07-18,111.4375,111.53125,111.125,111.4375,114327.0
2025-07-21,112.34375,112.625,112.03125,112.125,202277.0
2025-07-22,112.28125,112.90625,112.25,112.625,204578.0
2025-07-23,112.21875,112.375,111.9375,112.3125,218685.0
2025-07-24,111.59375,112.34375,111.5625,112.28125,171086.0
2025-07-25,111.9375,112.5625,111.84375,112.375,161257.0
2025-07-28,112.125,112.34375,111.9375,112.03125,148586.0
2025-07-29,112.4375,113.53125,112.375,113.5,343235.0
2025-07-30,112.8125,113.125,112.625,112.84375,218776.0
2025-07-31,113.21875,113.46875,112.78125,112.8125,336206.0
2025-08-01,114.09375,114.6875,114.03125,114.40625,295859.0
2025-08-04,114.6875,114.84375,114.28125,114.78125,202829.0
2025-08-05,114.46875,115.03125,114.40625,114.78125,236250.0
2025-08-06,114.40625,114.65625,113.1875,114.25,367687.0
2025-08-07,114.5,114.75,114.1875,114.21875,232562.0
2025-08-08,113.9375,113.96875,113.6875,113.84375,143327.0
2025-08-11,114.0625,114.25,113.84375,113.84375,129122.0
2025-08-12,113.46875,113.625,113.15625,113.5625,197792.0
2025-08-13,114.125,114.5,114.09375,114.34375,159500.0
2025-08-14,114.0625,114.09375,113.46875,113.625,192208.0
2025-08-15,113.21875,113.34375,112.78125,112.9375,186414.0
2025-08-18,113.03125,113.0625,112.4375,112.71875,147810.0
2025-08-19,112.90625,113.25,112.90625,113.09375,143432.0
2025-08-20,113.125,113.5625,113.125,113.3125,189341.0
2025-08-21,113.125,113.21875,112.59375,112.96875,194155.0
2025-08-22,113.3125,113.96875,113.21875,113.8125,260446.0
2025-08-25,113.3125,113.65625,113.21875,113.53125,113517.0
2025-08-26,113.21875,113.5,112.9375,113.25,105598.0
2025-08-27,112.84375,113.5,112.75,113.375,70631.0
2025-08-28,113.5625,114.09375,113.46875,114.0625,17617.0
2025-08-29,113.5625,113.6875,113.25,113.5,337911.0
2025-09-02,112.6875,113.0,112.59375,112.6875,247362.0
2025-09-03,112.9375,113.9375,112.9375,113.8125,312388.0
2025-09-04,114.09375,114.46875,113.625,114.125,271667.0
2025-09-05,115.40625,115.875,115.3125,115.65625,306872.0
2025-09-08,116.25,116.6875,116.1875,116.65625,275939.0
2025-09-09,116.4375,116.65625,116.0,116.34375,252611.0
2025-09-10,116.53125,117.125,116.28125,116.90625,267635.0
2025-09-11,116.8125,117.40625,116.8125,117.1875,291038.0
2025-09-12,116.5625,116.71875,116.21875,116.625,175425.0
2025-09-15,116.90625,117.1875,116.84375,117.0625,167821.0
2025-09-16,116.875,117.25,116.8125,117.1875,171351.0
2025-09-17,117.4375,117.875,116.4375,116.6875,334794.0
2025-09-18,115.9375,116.21875,115.59375,116.0625,316100.0
2025-09-19,115.75,115.90625,115.4375,115.5625,163136.0
2025-09-22,115.59375,115.65625,115.28125,115.46875,217934.0
2025-09-23,115.625,116.0625,115.375,115.8125,234781.0
2025-09-24,115.71875,115.78125,115.375,115.53125,227837.0
2025-09-25,115.34375,115.5625,115.0,115.4375,235842.0
2025-09-26,115.40625,115.875,115.125,115.28125,223524.0
2025-09-29,115.6875,116.15625,115.65625,116.0625,161187.0
2025-09-30,116.03125,116.4375,115.6875,115.8125,410636.0
2025-10-01,116.34375,116.59375,115.9375,116.1875,216066.0
2025-10-02,116.15625,116.625,116.03125,116.5,191111.0
2025-10-03,116.4375,116.5625,116.0625,116.15625,187983.0
2025-10-06,115.53125,115.96875,115.40625,115.46875,196909.0
2025-10-07,115.75,116.21875,115.59375,116.0,220369.0
2025-10-08,116.40625,116.4375,115.90625,116.03125,232458.0
2025-10-09,115.90625,116.03125,115.71875,115.84375,234751.0
2025-10-10,116.71875,117.5625,116.5625,117.28125,381125.0
2025-10-13,116.9375,117.21875,116.5625,117.15625,110348.0
2025-10-14,117.34375,117.625,117.125,117.5,243108.0
2025-10-15,117.625,117.96875,117.09375,117.1875,281717.0
2025-10-16,117.1875,118.15625,117.0625,118.0625,326963.0
2025-10-17,117.84375,117.875,117.46875,117.6875,207546.0
2025-10-20,118.0,118.125,117.84375,118.0,188189.0
2025-10-21,118.5,118.6875,118.34375,118.40625,204137.0
2025-10-22,118.4375,118.59375,118.25,118.5,283043.0
2025-10-23,118.03125,118.15625,117.71875,118.0625,255206.0
2025-10-24,118.03125,118.03125,117.5625,117.8125,197094.0
2025-10-27,117.65625,118.21875,117.40625,118.0,209669.0
2025-10-28,118.09375,118.46875,118.0625,118.28125,178351.0
2025-10-29,118.15625,118.15625,117.09375,117.4375,292382.0
2025-10-30,116.59375,117.15625,116.53125,116.8125,294305.0
2025-10-31,116.84375,116.90625,116.46875,116.53125,310663.0
2025-11-03,116.3125,116.53125,116.125,116.375,251158.0
2025-11-04,116.5,116.75,116.4375,116.625,149002.0
2025-11-05,116.1875,116.25,115.5625,115.65625,309691.0
2025-11-06,116.25,116.65625,116.25,116.4375,218598.0
2025-11-07,116.09375,116.65625,116.0625,116.28125,225843.0
2025-11-10,116.21875,116.40625,116.03125,116.21875,181711.0
2025-11-11,116.6875,116.78125,116.5,116.71875,63661.0
2025-11-12,116.71875,117.0625,116.625,116.84375,255857.0
2025-11-13,116.4375,116.6875,116.125,116.3125,298207.0
2025-11-14,116.59375,116.6875,115.65625,115.71875,288943.0
2025-11-17,115.875,116.125,115.75,115.9375,238390.0
2025-11-18,116.28125,116.4375,115.6875,115.9375,262524.0
2025-11-19,116.15625,116.28125,115.65625,115.8125,299165.0
2025-11-20,115.9375,116.375,115.9375,116.125,302398.0
2025-11-21,116.625,116.625,116.15625,116.4375,259139.0
2025-11-24,116.84375,117.0,116.65625,116.9375,173470.0
2025-11-25,117.21875,117.5625,117.15625,117.3125,132127.0
2025-11-26,117.09375,117.53125,116.75,117.4375,25117.0
2025-11-28,117.34375,117.375,116.75,117.03125,188187.0
2025-12-01,115.90625,116.03125,115.75,115.8125,274616.0
2025-12-02,115.59375,116.0,115.5,115.9375,233685.0
2025-12-03,116.0625,116.3125,115.84375,116.28125,196055.0
2025-12-04,116.03125,116.03125,115.59375,115.625,179885.0
2025-12-05,115.625,115.625,115.03125,115.1875,244092.0
2025-12-08,115.1875,115.1875,114.4375,114.6875,225650.0
2025-12-09,115.28125,115.28125,114.71875,114.78125,208096.0
2025-12-10,114.8125,115.40625,114.6875,114.96875,325952.0
2025-12-11,115.71875,115.875,114.96875,115.21875,228729.0
2025-12-12,114.25,114.4375,114.125,114.25,258787.0
2025-12-15,114.75,114.9375,114.40625,114.46875,207796.0
2025-12-16,114.15625,115.0625,114.15625,114.96875,273877.0
2025-12-17,114.71875,115.125,114.65625,114.84375,208663.0
2025-12-18,115.21875,115.46875,115.15625,115.3125,165685.0
2025-12-19,115.0,115.1875,114.8125,114.90625,141790.0
2025-12-22,114.78125,114.875,114.625,114.71875,116829.0
2025-12-23,114.375,114.96875,114.34375,114.875,175262.0
2025-12-24,115.15625,115.40625,115.0,115.375,95856.0
2025-12-26,115.5,115.5625,115.0,115.125,120222.0
2025-12-29,115.46875,115.625,115.25,115.46875,146236.0
2025-12-30,115.25,115.625,115.1875,115.40625,185327.0
2025-12-31,115.15625,115.4375,114.71875,115.1875,275165.0
2026-01-02,114.9375,114.9375,114.46875,114.65625,205598.0
2026-01-05,114.71875,115.1875,114.625,114.90625,274127.0
2026-01-06,114.75,115.0,114.40625,114.75,293446.0
2026-01-07,115.4375,115.625,115.09375,115.5,315832.0
2026-01-08,114.96875,115.28125,114.875,114.96875,266222.0
2026-01-09,114.8125,115.5,114.625,115.375,363438.0
2026-01-12,115.125,115.5,115.0,115.21875,286698.0
2026-01-13,115.46875,115.53125,115.125,115.40625,256444.0
2026-01-14,115.46875,116.0625,115.46875,115.90625,312781.0
2026-01-15,116.125,116.15625,115.6875,115.90625,262800.0
2026-01-16,115.46875,115.65625,114.96875,115.03125,361536.0
2026-01-20,114.4375,114.5625,113.75,113.84375,354434.0
2026-01-21,113.96875,114.71875,113.8125,114.5625,467764.0
2026-01-22,114.4375,114.90625,114.28125,114.78125,300819.0
2026-01-23,114.90625,115.09375,114.59375,114.9375,263712.0
2026-01-26,115.53125,115.625,115.28125,115.4375,214512.0
2026-01-27,115.28125,115.4375,114.59375,115.125,293933.0
2026-01-28,114.6875,114.8125,114.34375,114.6875,266388.0
2026-01-29,114.25,114.875,114.1875,114.8125,352153.0
2026-01-30,114.5,114.78125,114.3125,114.71875,446289.0
2026-02-02,114.5,114.5625,114.03125,114.21875,307098.0
2026-02-03,114.0,114.40625,113.90625,114.1875,307590.0
2026-02-04,114.09375,114.28125,113.96875,114.125,283542.0
2026-02-05,114.625,115.34375,114.40625,114.96875,368653.0
2026-02-06,115.15625,115.21875,114.8125,115.09375,197691.0
2026-02-09,114.84375,115.25,114.6875,115.15625,202508.0
2026-02-10,115.875,116.21875,115.875,116.0625,289677.0
2026-02-11,115.625,116.09375,115.53125,115.6875,325444.0
2026-02-12,115.96875,116.9375,115.96875,116.875,397593.0
2026-02-13,117.3125,117.53125,117.21875,117.375,311790.0
2026-02-17,117.625,117.75,117.4375,117.59375,301026.0
2026-02-18,117.3125,117.46875,117.09375,117.21875,319381.0
2026-02-19,117.0625,117.34375,116.96875,117.25,243634.0
2026-02-20,117.3125,117.375,116.625,117.0,394605.0
2026-02-23,117.25,117.75,117.21875,117.59375,220180.0
2026-02-24,117.625,117.71875,117.4375,117.625,162792.0
2026-02-25,117.375,117.75,117.34375,117.5,58533.0
2026-02-26,117.71875,118.0,117.6875,117.875,20559.0
2026-02-27,118.28125,118.6875,118.15625,118.46875,349851.0
2026-03-02,117.90625,117.9375,117.21875,117.4375,299605.0
2026-03-03,116.6875,117.53125,116.65625,117.28125,378116.0
2026-03-04,117.09375,117.21875,116.75,117.0625,266163.0
2026-03-05,116.21875,116.5,116.09375,116.21875,414813.0
2026-03-06,115.71875,116.5,115.4375,116.1875,427899.0
2026-03-09,115.71875,116.78125,115.625,116.25,365323.0
2026-03-10,116.34375,116.5625,116.1875,116.4375,118162.0
